path,assigned_owner,status,notes
00_CORE/ENGINEERING_PHILOSOPHY.md,Engineering Council,exists,# 01_ENGINEERING_PHILOSOPHY_MASTER_PROMPT.md
00_CORE/README.md,Engineering Council,exists,# 00_CORE - Supreme Constitutions
00_CORE/TESTING_SUPREME_CONSTITUTION.md,Engineering Council,exists,# 00_TESTING_SUPREME_CONSTITUTION.md
01_INTELLIGENCE/CONSTITUTIONS/BACKEND_CONSTITUTION.md,Backend Architect,exists,# 01_BACKEND_ENGINEERING_CONSTITUTION_MASTER_PROMPT.md
01_INTELLIGENCE/CONSTITUTIONS/BUILD_TOOLS_CONSTITUTION.md,Domain Architect,exists,# 01_BUILD_TOOLS_DEVELOPMENT_CONSTITUTION.md
01_INTELLIGENCE/CONSTITUTIONS/BUILD_TOOLS_EXTENDED_CONSTITUTION.md,Domain Architect,exists,# BUILD_TOOLS_DEVELOPMENT_CONSTITUTION_MASTER_PROMPT.md
01_INTELLIGENCE/CONSTITUTIONS/DATABASE_API_CONSTITUTION.md,Database Architect,exists,# 01_DATABASE_API_CONSTITUTION.md
01_INTELLIGENCE/CONSTITUTIONS/FRONTEND_CONSTITUTION.md,Frontend Architect,exists,# 01_FRONTEND_CONSTITUTION.md
01_INTELLIGENCE/CONSTITUTIONS/HOSTING_DEPLOYMENT_CONSTITUTION.md,Domain Architect,exists,# HOSTING_DEPLOYMENT_CONSTITUTION_MASTER_PROMPT.md
01_INTELLIGENCE/CONSTITUTIONS/NEXTJS_CONSTITUTION.md,Domain Architect,exists,# 22_NEXTJS_ENTERPRISE_CONSTITUTION.md
01_INTELLIGENCE/CONSTITUTIONS/NODEJS_CONSTITUTION.md,Domain Architect,exists,# 24_NODEJS_ENTERPRISE_CONSTITUTION.md
01_INTELLIGENCE/CONSTITUTIONS/REACT_CONSTITUTION.md,Domain Architect,exists,# 23_REACT_ENTERPRISE_CONSTITUTION.md
01_INTELLIGENCE/CONSTITUTIONS/SHADCN_UI_CONSTITUTION.md,Domain Architect,exists,# 26_SHADCN_UI_ENTERPRISE_CONSTITUTION.md
01_INTELLIGENCE/CONSTITUTIONS/STATE_MANAGEMENT_CONSTITUTION.md,Domain Architect,exists,# 01_STATE_MANAGEMENT_CONSTITUTION_MASTER_PROMPT.md
01_INTELLIGENCE/CONSTITUTIONS/SUPABASE_CONSTITUTION.md,Domain Architect,exists,# 28_SUPABASE_ENTERPRISE_CONSTITUTION.md
01_INTELLIGENCE/CONSTITUTIONS/TAILWIND_CONSTITUTION.md,Domain Architect,exists,# 25_TAILWIND_ENTERPRISE_CONSTITUTION.md
01_INTELLIGENCE/CONSTITUTIONS/TESTING/ACCESSIBILITY/CONSTITUTION.md,Principal Test Architect,exists,# 08_ACCESSIBILITY_TESTING_CONSTITUTION.md
01_INTELLIGENCE/CONSTITUTIONS/TESTING/API/CONSTITUTION.md,Principal Test Architect,exists,# 05_API_TESTING_CONSTITUTION.md
01_INTELLIGENCE/CONSTITUTIONS/TESTING/CHAOS/CONSTITUTION.md,Principal Test Architect,exists,# 14_CHAOS_ENGINEERING_CONSTITUTION.md
01_INTELLIGENCE/CONSTITUTIONS/TESTING/COMPONENT/CONSTITUTION.md,Principal Test Architect,exists,# 03_COMPONENT_TESTING_CONSTITUTION.md
01_INTELLIGENCE/CONSTITUTIONS/TESTING/CONTRACT/CONSTITUTION.md,Principal Test Architect,exists,# 06_CONTRACT_TESTING_CONSTITUTION.md
01_INTELLIGENCE/CONSTITUTIONS/TESTING/DATABASE/CONSTITUTION.md,Database Architect,exists,# 11_DATABASE_TESTING_CONSTITUTION.md
01_INTELLIGENCE/CONSTITUTIONS/TESTING/E2E/CONSTITUTION.md,Principal Test Architect,exists,# 07_E2E_TESTING_CONSTITUTION.md
01_INTELLIGENCE/CONSTITUTIONS/TESTING/INTEGRATION/CONSTITUTION.md,Principal Test Architect,exists,# 04_INTEGRATION_TESTING_CONSTITUTION.md
01_INTELLIGENCE/CONSTITUTIONS/TESTING/MULTI_TENANT/CONSTITUTION.md,Principal Test Architect,exists,# 12_MULTI_TENANT_TESTING_CONSTITUTION.md
01_INTELLIGENCE/CONSTITUTIONS/TESTING/UNIT/CONSTITUTION.md,Principal Test Architect,exists,# 02_UNIT_TESTING_CONSTITUTION.md
01_INTELLIGENCE/CONSTITUTIONS/TESTING_CONSTITUTION.md,Principal Test Architect,exists,# 01_TEST_ARCHITECTURE_CONSTITUTION.md
01_INTELLIGENCE/CONSTITUTIONS/TYPESCRIPT_CONSTITUTION.md,Domain Architect,exists,# 21_TYPESCRIPT_SUPREME_CONSTITUTION.md
01_INTELLIGENCE/CONSTITUTIONS/UIUX_CONSTITUTION.md,Domain Architect,skeleton,# 01_UI_UX_DESIGN_CONSTITUTION_MASTER_PROMPT.md
01_INTELLIGENCE/CONSTITUTIONS/ZOD_CONSTITUTION.md,Domain Architect,exists,# 27_ZOD_ENTERPRISE_CONSTITUTION.md
01_INTELLIGENCE/README.md,Unassigned,exists,# 01_INTELLIGENCE - Expertise & Knowledge Base
01_INTELLIGENCE/SKILLS/API/DESIGN_PATTERNS.md,SME (Skill Lead),exists,# 04_API_DESIGN_MASTER_PROMPT.md
01_INTELLIGENCE/SKILLS/API/GRAPHQL.md,SME (Skill Lead),exists,# 07_GRAPHQL_MASTER_PROMPT.md
01_INTELLIGENCE/SKILLS/API/REST.md,SME (Skill Lead),exists,# 06_REST_API_MASTER_PROMPT.md
01_INTELLIGENCE/SKILLS/BACKEND/ARCHITECTURE.md,SME (Skill Lead),exists,# 02_BACKEND_ARCHITECTURE_MASTER_PROMPT.md
01_INTELLIGENCE/SKILLS/BACKEND/ASYNC_JOBS.md,SME (Skill Lead),exists,# 10_BACKGROUND_JOBS_EVENTS_MASTER_PROMPT.md
01_INTELLIGENCE/SKILLS/BACKEND/DOMAIN_DRIVEN_DESIGN.md,SME (Skill Lead),exists,# 03_DOMAIN_DRIVEN_BACKEND_MASTER_PROMPT.md
01_INTELLIGENCE/SKILLS/BACKEND/MULTI_TENANCY.md,SME (Skill Lead),exists,# 18_MULTI_TENANCY_MASTER_PROMPT.md
01_INTELLIGENCE/SKILLS/BACKEND/OBSERVABILITY.md,SME (Skill Lead),exists,# 09_OBSERVABILITY_MASTER_PROMPT.md
01_INTELLIGENCE/SKILLS/BACKEND/SAAS_ARCHITECTURE.md,SME (Skill Lead),exists,# 19_SAAS_ARCHITECTURE_MASTER_PROMPT.md
01_INTELLIGENCE/SKILLS/BACKEND/SCALABILITY.md,SME (Skill Lead),exists,# 08_SCALABILITY_MASTER_PROMPT.md
01_INTELLIGENCE/SKILLS/CACHING/REDIS.md,SME (Skill Lead),exists,# 11_REDIS_CACHING_MASTER_PROMPT.md
01_INTELLIGENCE/SKILLS/DATABASE/MULTI_TENANT.md,SME (Skill Lead),exists,# 09_MULTI_TENANT_DATA_MASTER_PROMPT.md
01_INTELLIGENCE/SKILLS/DATABASE/PERFORMANCE.md,SME (Skill Lead),exists,# 10_DATABASE_PERFORMANCE_MASTER_PROMPT.md
01_INTELLIGENCE/SKILLS/DATABASE/POSTGRESQL.md,SME (Skill Lead),exists,# 03_POSTGRESQL_MASTER_PROMPT.md
01_INTELLIGENCE/SKILLS/DATABASE/PRISMA.md,SME (Skill Lead),exists,# 04_PRISMA_MASTER_PROMPT.md
01_INTELLIGENCE/SKILLS/DATA_PIPELINE/ENGINEERING.md,SME (Skill Lead),exists,# 23_DATA_ENGINEERING_MASTER_PROMPT.md
01_INTELLIGENCE/SKILLS/DESIGN_SYSTEM/ARCHITECTURE.md,SME (Skill Lead),skeleton,# 02_DESIGN_SYSTEM_ARCHITECTURE_MASTER_PROMPT.md
01_INTELLIGENCE/SKILLS/DESIGN_SYSTEM/COMPONENTS.md,SME (Skill Lead),skeleton,# 03_COMPONENT_ARCHITECTURE_MASTER_PROMPT.md
01_INTELLIGENCE/SKILLS/DESIGN_SYSTEM/TOKENS.md,SME (Skill Lead),exists,# 11_DESIGN_TOKENS_MASTER_PROMPT.md
01_INTELLIGENCE/SKILLS/FRONTEND/ARCHITECTURE.md,SME (Skill Lead),exists,# 02_ARCHITECTURE_MASTER_PROMPT.md
01_INTELLIGENCE/SKILLS/FRONTEND/COMPONENT_ARCHITECTURE.md,SME (Skill Lead),exists,# 04_COMPONENT_ARCHITECTURE_MASTER_PROMPT.md
01_INTELLIGENCE/SKILLS/FRONTEND/DOMAIN_DRIVEN_DESIGN.md,SME (Skill Lead),exists,# 03_DOMAIN_DRIVEN_FRONTEND_MASTER_PROMPT.md
01_INTELLIGENCE/SKILLS/FRONTEND/OBSERVABILITY.md,SME (Skill Lead),exists,# 14_OBSERVABILITY_MASTER_PROMPT.md
01_INTELLIGENCE/SKILLS/FRONTEND/PERFORMANCE.md,SME (Skill Lead),exists,# 10_PERFORMANCE_MASTER_PROMPT.md
01_INTELLIGENCE/SKILLS/INTEGRATION/ENTERPRISE.md,SME (Skill Lead),exists,# 20_ENTERPRISE_INTEGRATION_MASTER_PROMPT.md
01_INTELLIGENCE/SKILLS/PAYMENT/STRIPE.md,SME (Skill Lead),exists,# 12_STRIPE_PAYMENTS_MASTER_PROMPT.md
01_INTELLIGENCE/SKILLS/STATE_MANAGEMENT/AUTH_SESSION.md,SME (Skill Lead),exists,# 05_AUTH_SESSION_STATE_MASTER_PROMPT.md
01_INTELLIGENCE/SKILLS/STATE_MANAGEMENT/CACHE.md,SME (Skill Lead),exists,# 04_CACHE_ARCHITECTURE_MASTER_PROMPT.md
01_INTELLIGENCE/SKILLS/STATE_MANAGEMENT/CLIENT.md,SME (Skill Lead),exists,# 03_CLIENT_STATE_MASTER_PROMPT.md
01_INTELLIGENCE/SKILLS/STATE_MANAGEMENT/MULTI_TENANT.md,SME (Skill Lead),exists,# 06_MULTI_TENANT_STATE_MASTER_PROMPT.md
01_INTELLIGENCE/SKILLS/STATE_MANAGEMENT/OFFLINE_SYNC.md,SME (Skill Lead),exists,# 07_OFFLINE_SYNC_STATE_MASTER_PROMPT.md
01_INTELLIGENCE/SKILLS/STATE_MANAGEMENT/PERFORMANCE.md,SME (Skill Lead),exists,# 08_STATE_PERFORMANCE_MASTER_PROMPT.md
01_INTELLIGENCE/SKILLS/STATE_MANAGEMENT/SERVER.md,SME (Skill Lead),exists,# 02_SERVER_STATE_MASTER_PROMPT.md
01_INTELLIGENCE/SKILLS/TOOLS/BUILD_PERFORMANCE.md,SME (Skill Lead),exists,# 08_BUILD_PERFORMANCE_MASTER_PROMPT.md
01_INTELLIGENCE/SKILLS/TOOLS/GIT_GITHUB.md,SME (Skill Lead),exists,# 04_GIT_GITHUB_MASTER_PROMPT.md
01_INTELLIGENCE/SKILLS/TYPESCRIPT/CORE.md,SME (Skill Lead),exists,# 02_TYPESCRIPT_MASTER_PROMPT.md
01_INTELLIGENCE/SKILLS/UI_UX/FORMS_INTERACTIONS.md,SME (Skill Lead),skeleton,# 10_FORMS_INTERACTIONS_MASTER_PROMPT.md
01_INTELLIGENCE/SKILLS/UI_UX/MOTION_ANIMATION.md,SME (Skill Lead),skeleton,# 08_MOTION_ANIMATION_MASTER_PROMPT.md
01_INTELLIGENCE/SKILLS/UI_UX/PRODUCT_DESIGN.md,SME (Skill Lead),exists,# 14_PRODUCT_DESIGN_SYSTEMS_MASTER_PROMPT.md
01_INTELLIGENCE/SKILLS/UI_UX/RESEARCH.md,SME (Skill Lead),exists,# 05_UX_RESEARCH_MASTER_PROMPT.md
01_INTELLIGENCE/SKILLS/UI_UX/RESPONSIVE_DESIGN.md,SME (Skill Lead),exists,# 07_RESPONSIVE_DESIGN_MASTER_PROMPT.md
01_INTELLIGENCE/SKILLS/UI_UX/SAAS_DASHBOARDS.md,SME (Skill Lead),skeleton,# 09_SAAS_DASHBOARD_DESIGN_MASTER_PROMPT.md
01_INTELLIGENCE/SKILLS/UI_UX/VISUAL_DESIGN.md,SME (Skill Lead),skeleton,# 04_VISUAL_DESIGN_MASTER_PROMPT.md
02_EXECUTION/AGENTS/README.md,AI Platform,skeleton,# AGENTS — AI Agent Role Definitions (skeleton)
02_EXECUTION/POLICIES/ACCESSIBILITY.md,Policy Owner,exists,# 11_ACCESSIBILITY_MASTER_PROMPT.md
02_EXECUTION/POLICIES/ANTI_OVERENGINEERING.md,Policy Owner,exists,# 09_ANTI_OVERENGINEERING_MASTER_PROMPT.md
02_EXECUTION/POLICIES/API_DESIGN_POLICIES.md,Policy Owner,exists,# 05_API_DESIGN_MASTER_PROMPT.md
02_EXECUTION/POLICIES/API_INTEGRATION.md,Policy Owner,exists,# 06_API_INTEGRATION_MASTER_PROMPT.md
02_EXECUTION/POLICIES/AUTHENTICATION_AUTHORIZATION.md,Policy Owner,exists,# 06_AUTHENTICATION_AUTHORIZATION_MASTER_PROMPT.md
02_EXECUTION/POLICIES/AUTHENTICATION_FRONTEND.md,Policy Owner,exists,# 07_AUTHENTICATION_MASTER_PROMPT.md
02_EXECUTION/POLICIES/BACKEND_AI_CODING_RULES.md,Policy Owner,exists,# 15_BACKEND_AI_CODING_RULES_MASTER_PROMPT.md
02_EXECUTION/POLICIES/BACKEND_SECURITY.md,Security Team,exists,# 07_BACKEND_SECURITY_MASTER_PROMPT.md
02_EXECUTION/POLICIES/BACKEND_SYSTEMS_ARCHITECTURE.md,Policy Owner,exists,# 16_BACKEND_SYSTEMS_ARCHITECTURE_MASTER_PROMPT.md
02_EXECUTION/POLICIES/CODE_QUALITY.md,Policy Owner,exists,# 03_CODE_QUALITY_MASTER_PROMPT.md
02_EXECUTION/POLICIES/DATABASE_AI_CODING_RULES.md,Policy Owner,exists,# 11_DATABASE_AI_CODING_RULES_MASTER_PROMPT.md
02_EXECUTION/POLICIES/DATABASE_ARCHITECTURE.md,Policy Owner,exists,# 05_DATABASE_ARCHITECTURE_MASTER_PROMPT.md
02_EXECUTION/POLICIES/DATABASE_ARCHITECTURE_POLICIES.md,Policy Owner,exists,# 02_DATABASE_ARCHITECTURE_MASTER_PROMPT.md
02_EXECUTION/POLICIES/DATA_SECURITY.md,Security Team,exists,# 08_DATA_SECURITY_MASTER_PROMPT.md
02_EXECUTION/POLICIES/DEPLOYMENT.md,Policy Owner,exists,# 14_DEVOPS_DEPLOYMENT_MASTER_PROMPT.md
02_EXECUTION/POLICIES/DESIGN_SYSTEM.md,Policy Owner,exists,# 13_DESIGN_SYSTEM_MASTER_PROMPT.md
02_EXECUTION/POLICIES/DESIGN_SYSTEM_GOLDEN_RULES.md,Policy Owner,skeleton,# 13_DESIGN_SYSTEM_GOLDEN_RULES_MASTER_PROMPT.md
02_EXECUTION/POLICIES/DEVELOPER_EXPERIENCE.md,Policy Owner,exists,# 07_DEVELOPER_EXPERIENCE_MASTER_PROMPT.md
02_EXECUTION/POLICIES/ENGINEERING_STANDARDS.md,Policy Owner,exists,# 05_ENGINEERING_STANDARDS_MASTER_PROMPT.md
02_EXECUTION/POLICIES/FORMS_VALIDATION.md,Policy Owner,exists,# 08_FORMS_VALIDATION_MASTER_PROMPT.md
02_EXECUTION/POLICIES/FRONTEND_AI_CODING_RULES.md,Policy Owner,exists,# 15_AI_CODING_RULES_MASTER_PROMPT.md
02_EXECUTION/POLICIES/FRONTEND_GOLDEN_RULES.md,Policy Owner,exists,# 17_FRONTEND_GOLDEN_RULES_MASTER_PROMPT.md
02_EXECUTION/POLICIES/FRONTEND_SECURITY.md,Security Team,exists,# 09_SECURITY_MASTER_PROMPT.md
02_EXECUTION/POLICIES/FRONTEND_SYSTEMS_ARCHITECTURE.md,Policy Owner,exists,# 16_FRONTEND_SYSTEMS_ARCHITECTURE_MASTER_PROMPT.md
02_EXECUTION/POLICIES/FRONTEND_TESTING_QUALITY.md,Policy Owner,exists,# 12_TESTING_QUALITY_MASTER_PROMPT.md
02_EXECUTION/POLICIES/OBSERVABILITY_TESTING.md,Policy Owner,exists,# 13_OBSERVABILITY_TESTING_CONSTITUTION.md
02_EXECUTION/POLICIES/PERFORMANCE_TESTING.md,Policy Owner,exists,# 10_PERFORMANCE_TESTING_CONSTITUTION.md
02_EXECUTION/POLICIES/SECURITY_TESTING.md,Security Team,exists,# 09_SECURITY_TESTING_CONSTITUTION.md
02_EXECUTION/POLICIES/STATE_AI_CODING_RULES.md,Policy Owner,exists,# 09_STATE_AI_CODING_RULES_MASTER_PROMPT.md
02_EXECUTION/POLICIES/STATE_MANAGEMENT_FRONTEND.md,Policy Owner,exists,# 05_STATE_MANAGEMENT_MASTER_PROMPT.md
02_EXECUTION/POLICIES/TESTING_QUALITY.md,Policy Owner,exists,# 13_TESTING_QUALITY_MASTER_PROMPT.md
02_EXECUTION/POLICIES/UIUX_ACCESSIBILITY.md,Policy Owner,exists,# 06_ACCESSIBILITY_MASTER_PROMPT.md
02_EXECUTION/POLICIES/UI_AI_CODING_RULES.md,Policy Owner,skeleton,# 12_UI_AI_CODING_RULES_MASTER_PROMPT.md
02_EXECUTION/README.md,Unassigned,exists,# 02_EXECUTION - Workflows & Policies
02_EXECUTION/WORKFLOWS/ARCHITECTURE_REVIEW_WORKFLOW.md,Release Manager,exists,# ARCHITECTURE REVIEW WORKFLOW
02_EXECUTION/WORKFLOWS/BUG_FIX_WORKFLOW.md,Release Manager,exists,# BUG FIX WORKFLOW
02_EXECUTION/WORKFLOWS/CODE_REVIEW_WORKFLOW.md,Release Manager,exists,# CODE REVIEW WORKFLOW
02_EXECUTION/WORKFLOWS/DEPLOYMENT_WORKFLOW.md,Release Manager,exists,# DEPLOYMENT WORKFLOW
02_EXECUTION/WORKFLOWS/FEATURE_DEVELOPMENT_WORKFLOW.md,Release Manager,exists,# FEATURE DEVELOPMENT WORKFLOW
02_EXECUTION/WORKFLOWS/INCIDENT_RESPONSE_WORKFLOW.md,Release Manager,exists,# INCIDENT RESPONSE WORKFLOW
02_EXECUTION/WORKFLOWS/README.md,Release Manager,skeleton,# WORKFLOWS — Execution Tier (skeleton)
02_EXECUTION/WORKFLOWS/REFACTORING_WORKFLOW.md,Release Manager,exists,# REFACTORING WORKFLOW
02_EXECUTION/WORKFLOWS/RELEASE_MANAGEMENT_WORKFLOW.md,Release Manager,exists,# RELEASE MANAGEMENT WORKFLOW
02_EXECUTION/WORKFLOWS/SECURITY_REVIEW_WORKFLOW.md,Release Manager,exists,# SECURITY REVIEW WORKFLOW
02_EXECUTION/WORKFLOWS/TECHNICAL_DEBT_WORKFLOW.md,Release Manager,exists,# TECHNICAL DEBT MANAGEMENT WORKFLOW
03_GOVERNANCE/AGENTS/AI_GOVERNANCE_ARCHITECT_ROLE.md,Architecture Office,exists,# AI GOVERNANCE ARCHITECT
03_GOVERNANCE/AGENTS/BACKEND_ARCHITECT_ROLE.md,Architecture Office,exists,# BACKEND ARCHITECT
03_GOVERNANCE/AGENTS/DATABASE_ARCHITECT_ROLE.md,Architecture Office,exists,# DATABASE ARCHITECT
03_GOVERNANCE/AGENTS/DEVOPS_ARCHITECT_ROLE.md,Architecture Office,exists,# DEVOPS ARCHITECT
03_GOVERNANCE/AGENTS/FRONTEND_ARCHITECT_ROLE.md,Architecture Office,exists,# FRONTEND ARCHITECT
03_GOVERNANCE/AGENTS/PRINCIPAL_ARCHITECT_ROLE.md,Architecture Office,exists,# PRINCIPAL ENTERPRISE ARCHITECT
03_GOVERNANCE/AGENTS/QA_ARCHITECT_ROLE.md,Architecture Office,exists,# QA ARCHITECT
03_GOVERNANCE/AGENTS/SECURITY_ARCHITECT_ROLE.md,Architecture Office,exists,# SECURITY ARCHITECT
03_GOVERNANCE/AGENTS/UI_ARCHITECT_ROLE.md,Architecture Office,exists,# UI/UX ARCHITECT
03_GOVERNANCE/COMPLIANCE/COMPLIANCE_GOVERNANCE.md,Compliance Officer,exists,# 21_COMPLIANCE_GOVERNANCE_MASTER_PROMPT.md
03_GOVERNANCE/COMPLIANCE/FINOPS.md,Compliance Officer,exists,# 22_FINOPS_COST_ENGINEERING_MASTER_PROMPT.md
03_GOVERNANCE/COMPLIANCE/RELEASE_READINESS.md,Compliance Officer,exists,# 15_RELEASE_READINESS_CONSTITUTION.md
03_GOVERNANCE/GOVERNANCE/AI_CODING_GOVERNANCE.md,Unassigned,exists,# 06_AI_CODING_GOVERNANCE_MASTER_PROMPT.md
03_GOVERNANCE/GOVERNANCE/AI_TESTING_GOVERNANCE.md,Unassigned,exists,# 16_AI_TESTING_GOVERNANCE_CONSTITUTION.md
03_GOVERNANCE/GOVERNANCE/DATABASE_ARCHITECT_REVIEW.md,Unassigned,exists,# 12_DATABASE_ARCHITECT_REVIEW_MASTER_PROMPT.md
03_GOVERNANCE/GOVERNANCE/DEFECT_MANAGEMENT.md,Unassigned,exists,# 18_DEFECT_MANAGEMENT_CONSTITUTION.md
03_GOVERNANCE/GOVERNANCE/ENGINEERING_ARCHITECT_REVIEW.md,Unassigned,exists,# 10_ENGINEERING_ARCHITECT_REVIEW_MASTER_PROMPT.md
03_GOVERNANCE/GOVERNANCE/ENTERPRISE_ARCHITECT_REVIEW.md,Unassigned,exists,# 25_ENTERPRISE_ARCHITECT_REVIEW_MASTER_PROMPT.md
03_GOVERNANCE/GOVERNANCE/FRONTEND_ARCHITECT_REVIEW.md,Unassigned,exists,# MASTER_SYSTEM_PROMPT.md
03_GOVERNANCE/GOVERNANCE/FRONTEND_REVIEW_BOARD.md,Unassigned,exists,# 29_FRONTEND_ARCHITECT_REVIEW_BOARD.md
03_GOVERNANCE/GOVERNANCE/PLATFORM_ENGINEERING.md,Unassigned,exists,# 24_PLATFORM_ENGINEERING_MASTER_PROMPT.md
03_GOVERNANCE/GOVERNANCE/PR_REVIEW.md,Unassigned,exists,# 17_PR_REVIEW_CONSTITUTION.md
03_GOVERNANCE/GOVERNANCE/QA_GOVERNANCE.md,Unassigned,exists,# 19_QA_GOVERNANCE_CONSTITUTION.md
03_GOVERNANCE/GOVERNANCE/STATE_ARCHITECT_REVIEW.md,Unassigned,exists,# 10_STATE_ARCHITECT_REVIEW_MASTER_PROMPT.md
03_GOVERNANCE/GOVERNANCE/TESTING_REVIEW_BOARD.md,Unassigned,exists,# 20_PRINCIPAL_TEST_ARCHITECT_REVIEW_BOARD.md
03_GOVERNANCE/GOVERNANCE/TYPESCRIPT_REVIEW_BOARD.md,Unassigned,exists,# 30_PRINCIPAL_TYPESCRIPT_ARCHITECT_BOARD.md
03_GOVERNANCE/GOVERNANCE/UI_ARCHITECT_REVIEW.md,Unassigned,exists,# 15_UI_ARCHITECT_REVIEW_MASTER_PROMPT.md
03_GOVERNANCE/POLICIES/AI_GOVERNANCE.md,Governance Board,skeleton,# AI GOVERNANCE POLICY
03_GOVERNANCE/POLICIES/COMPLIANCE_GOVERNANCE.md,Governance Board,exists,# COMPLIANCE & GOVERNANCE POLICY
03_GOVERNANCE/POLICIES/ENGINEERING_GOVERNANCE.md,Governance Board,exists,# ENGINEERING GOVERNANCE POLICY
03_GOVERNANCE/POLICIES/FINOPS_GOVERNANCE.md,Governance Board,exists,# FINOPS GOVERNANCE POLICY
03_GOVERNANCE/POLICIES/PLATFORM_GOVERNANCE.md,Governance Board,exists,# PLATFORM GOVERNANCE POLICY
03_GOVERNANCE/POLICIES/RELEASE_GOVERNANCE.md,Governance Board,exists,# RELEASE GOVERNANCE POLICY
03_GOVERNANCE/POLICIES/RISK_GOVERNANCE.md,Governance Board,exists,# RISK GOVERNANCE POLICY
03_GOVERNANCE/POLICIES/SECURITY_GOVERNANCE.md,Governance Board,exists,# SECURITY GOVERNANCE POLICY
03_GOVERNANCE/README.md,Unassigned,exists,# 03_GOVERNANCE - Authority & Compliance
04_KNOWLEDGE/README.md,Knowledge Manager,exists,# 04_KNOWLEDGE - Reference & Templates
05_PROJECT_CONTEXT/README.md,Product Owner,exists,# 05_PROJECT_CONTEXT - Business & Architecture Context
06_WORKSPACE/README.md,Team Lead,exists,# 06_WORKSPACE - Working Documents
07_BOOTSTRAP/ENTERPRISE_SETUP_GUIDE.md,DevOps,exists,# ENTERPRISE SETUP GUIDE - Developer Environment Configuration
07_BOOTSTRAP/NEW_PROJECT_CHECKLIST.md,DevOps,exists,# NEW PROJECT CHECKLIST - Complete Project Setup Guide
07_BOOTSTRAP/README.md,DevOps,skeleton,# BOOTSTRAP — Quickstart & Agent Integration (skeleton)
07_BOOTSTRAP/START_HERE.md,DevOps,exists,# START HERE - Welcome to the Enterprise AI Engineering Operating System
07_BOOTSTRAP/WHICH_AGENT_TO_USE.md,DevOps,exists,# WHICH AGENT TO USE - Decision Authority Directory
07_BOOTSTRAP/WHICH_FILE_TO_READ.md,DevOps,exists,# WHICH FILE TO READ - Problem-to-Solution Navigation Guide
CONSTITUTION_MAPPING.md,Program Manager,skeleton,# Constitution Requirement → Artifact Mapping
PHASE1_ANALYSIS.md,Program Manager,skeleton,# Phase 1 — Project Constitution Analysis (summary)
README.md,Unassigned,exists,# ENTERPRISE CONSTITUTION
prompt.md,Principal Architect,exists,# CRIMEKIT MASTER CONSTITUTION
